arm,layout,seed,train_loops,model_tag,step,num_loops,effective_layers,backout_layer,val_bpb,train_bpb,core,split_tokens,max_per_task,decode_flops_per_token_ctx1024
LR,"2,4x2,2",0,"1,2,3,4",looped_LR_lr2.0_h1.0_s0,2520,1,8,4,0.8809718580910051,0.8813996034234821,0.13176423859678668,41943040,500,188744304
LR,"2,4x2,2",0,"1,2,3,4",looped_LR_lr2.0_h1.0_s0,2520,2,12,6,0.8649413403151786,0.8653882001247196,0.150903337818742,41943040,500,257950608
LR,"2,4x2,2",0,"1,2,3,4",looped_LR_lr2.0_h1.0_s0,2520,3,16,8,0.8624940677721613,0.8629483228619422,0.14846566504004824,41943040,500,327156912
LR,"2,4x2,2",0,"1,2,3,4",looped_LR_lr2.0_h1.0_s0,2520,4,20,10,0.86281384968919,0.8632819653600607,0.15185417535182363,41943040,500,396363216
LR,"2,4x2,2",0,"1,2,3,4",looped_LR_lr2.0_h1.0_s0,2520,5,24,12,0.863926648814197,0.8643821468377951,0.1511964599943107,41943040,500,465569520
LR,"2,4x2,2",0,"1,2,3,4",looped_LR_lr2.0_h1.0_s0,2520,6,28,14,0.8648553504974459,0.8653208076019676,0.15243627242925986,41943040,500,534775824
LR,"2,4x2,2",0,"1,2,3,4",looped_LR_lr2.0_h1.0_s0,2520,8,36,18,0.8665629125284368,0.8670255996122562,0.14915359333589098,41943040,500,673188432
LR,"2,4x2,2",1,"1,2,3,4",looped_LR_lr2.0_h1.0_s1,2520,1,8,4,0.8811561303088156,0.8814931491378639,0.1275330479662857,41943040,500,188744304
LR,"2,4x2,2",1,"1,2,3,4",looped_LR_lr2.0_h1.0_s1,2520,2,12,6,0.8652369448783054,0.8655546136402791,0.12790828840545967,41943040,500,257950608
LR,"2,4x2,2",1,"1,2,3,4",looped_LR_lr2.0_h1.0_s1,2520,3,16,8,0.862731180616451,0.8630379077366116,0.1315537681880035,41943040,500,327156912
LR,"2,4x2,2",1,"1,2,3,4",looped_LR_lr2.0_h1.0_s1,2520,4,20,10,0.8629665457002178,0.8632873823908437,0.13455276093235194,41943040,500,396363216
LR,"2,4x2,2",1,"1,2,3,4",looped_LR_lr2.0_h1.0_s1,2520,5,24,12,0.8638426980504079,0.8641617377573342,0.1387323729648167,41943040,500,465569520
LR,"2,4x2,2",1,"1,2,3,4",looped_LR_lr2.0_h1.0_s1,2520,6,28,14,0.8646439879915286,0.8649791851767817,0.13466933580813234,41943040,500,534775824
LR,"2,4x2,2",1,"1,2,3,4",looped_LR_lr2.0_h1.0_s1,2520,8,36,18,0.8660095132881644,0.8663544120239497,0.13445103711449233,41943040,500,673188432
LR,"2,4x2,2",2,"1,2,3,4",looped_LR_lr2.0_h1.0_s2,2520,1,8,4,0.8810502742798046,0.8814456190613162,0.12648942059439647,41943040,500,188744304
LR,"2,4x2,2",2,"1,2,3,4",looped_LR_lr2.0_h1.0_s2,2520,2,12,6,0.8652971260989814,0.8656663908668659,0.1366506903267645,41943040,500,257950608
LR,"2,4x2,2",2,"1,2,3,4",looped_LR_lr2.0_h1.0_s2,2520,3,16,8,0.8627841377602986,0.8631428117413448,0.14131430402897588,41943040,500,327156912
LR,"2,4x2,2",2,"1,2,3,4",looped_LR_lr2.0_h1.0_s2,2520,4,20,10,0.8631467980688253,0.8635183925422995,0.14156649173152305,41943040,500,396363216
LR,"2,4x2,2",2,"1,2,3,4",looped_LR_lr2.0_h1.0_s2,2520,5,24,12,0.8641851425955517,0.8645428520843574,0.14315818490271057,41943040,500,465569520
LR,"2,4x2,2",2,"1,2,3,4",looped_LR_lr2.0_h1.0_s2,2520,6,28,14,0.8651954646952257,0.8655643992442742,0.1445552957775693,41943040,500,534775824
LR,"2,4x2,2",2,"1,2,3,4",looped_LR_lr2.0_h1.0_s2,2520,8,36,18,0.8669404288014092,0.8673019264298321,0.14580305649976044,41943040,500,673188432
L8,"2,4x2,2",0,,looped_L8_lr2.0_h1.0_s0,2520,1,8,4,1.1409907352780997,1.1411367933501875,0.05874341109852779,41943040,500,188744304
L8,"2,4x2,2",0,,looped_L8_lr2.0_h1.0_s0,2520,2,12,6,0.8600347939402194,0.8604549160154059,0.1478287799609892,41943040,500,257950608
L8,"2,4x2,2",0,,looped_L8_lr2.0_h1.0_s0,2520,3,16,8,1.0113753001651253,1.0116936391700502,0.11233555350970104,41943040,500,327156912
L8,"2,4x2,2",0,,looped_L8_lr2.0_h1.0_s0,2520,4,20,10,1.0595532511211263,1.059746080578543,0.08555963274743304,41943040,500,396363216
L8,"2,4x2,2",0,,looped_L8_lr2.0_h1.0_s0,2520,5,24,12,1.294955037858848,1.2949351509212637,0.06259434777473068,41943040,500,465569520
L8,"2,4x2,2",0,,looped_L8_lr2.0_h1.0_s0,2520,6,28,14,1.2644076794374985,1.2645593546723417,0.0551743468504757,41943040,500,534775824
L8,"2,4x2,2",0,,looped_L8_lr2.0_h1.0_s0,2520,8,36,18,1.4110549243299377,1.411458744931589,0.026158415773771957,41943040,500,673188432
L8,"2,4x2,2",1,,looped_L8_lr2.0_h1.0_s1,2520,1,8,4,1.0748532632570145,1.0750719673688633,0.06718502162758073,41943040,500,188744304
L8,"2,4x2,2",1,,looped_L8_lr2.0_h1.0_s1,2520,2,12,6,0.8590354827318405,0.8594837530665355,0.14772082755319615,41943040,500,257950608
L8,"2,4x2,2",1,,looped_L8_lr2.0_h1.0_s1,2520,3,16,8,0.9870460076152094,0.9874178855639288,0.11773801017353928,41943040,500,327156912
L8,"2,4x2,2",1,,looped_L8_lr2.0_h1.0_s1,2520,4,20,10,1.1089405358416893,1.1089559026500273,0.07141148515128345,41943040,500,396363216
L8,"2,4x2,2",1,,looped_L8_lr2.0_h1.0_s1,2520,5,24,12,1.4669723084339776,1.4667020908377644,0.033278552898676136,41943040,500,465569520
L8,"2,4x2,2",1,,looped_L8_lr2.0_h1.0_s1,2520,6,28,14,1.4386081359406169,1.438713632477789,0.021777985193757364,41943040,500,534775824
L8,"2,4x2,2",1,,looped_L8_lr2.0_h1.0_s1,2520,8,36,18,1.582244455521365,1.5827217262423423,0.02485258113650562,41943040,500,673188432
L8,"2,4x2,2",2,,looped_L8_lr2.0_h1.0_s2,2520,1,8,4,1.1008410640259085,1.1011591061716486,0.07305861368549697,41943040,500,188744304
L8,"2,4x2,2",2,,looped_L8_lr2.0_h1.0_s2,2520,2,12,6,0.8600689917877865,0.8605284245406548,0.15238490799026297,41943040,500,257950608
L8,"2,4x2,2",2,,looped_L8_lr2.0_h1.0_s2,2520,3,16,8,0.9678430714553645,0.9680674943876966,0.13048350725052127,41943040,500,327156912
L8,"2,4x2,2",2,,looped_L8_lr2.0_h1.0_s2,2520,4,20,10,1.0369345500537746,1.037105804287745,0.09923063155758394,41943040,500,396363216
L8,"2,4x2,2",2,,looped_L8_lr2.0_h1.0_s2,2520,5,24,12,1.2461446306282498,1.2459591348880907,0.07908480086212384,41943040,500,465569520
L8,"2,4x2,2",2,,looped_L8_lr2.0_h1.0_s2,2520,6,28,14,1.2224010708882822,1.2222698185499612,0.07025624705336736,41943040,500,534775824
L8,"2,4x2,2",2,,looped_L8_lr2.0_h1.0_s2,2520,8,36,18,1.3123586545602433,1.3121434850324978,0.06316883509957784,41943040,500,673188432
